GivenName,Surname,NationalID,Age,Birthday,TelephoneNumber,EmailAddress
Tracy,Bad,302-98-8324,44,10/21/1980,440-677-3792,TracyJBad@teleworm.us
Doris,Lo,270-50-3924,41,6/12/1983,740-334-2896,DorisKLo@superrito.com
Norma,Shuman,564-55-0901,36,1/28/1989,818-928-3330,NormaJShuman@gustr.com
Simone,Hennessy,549-75-8125,34,2/26/1991,707-406-4336,SimoneJHennessy@superrito.com
Miriam,Robinson,549-06-3494,30,7/1/1994,323-544-5393,MiriamRRobinson@superrito.com
Deborah,Moreland,554-82-1747,33,3/1/1992,805-772-3899,DeborahCMoreland@superrito.com
Sheri,Noyes,606-31-8657,37,4/9/1988,909-890-5083,SheriSNoyes@teleworm.us
Michele,Coleman,270-76-3707,37,9/6/1987,513-487-6716,MicheleCColeman@superrito.com
Lorraine,Richards,300-52-3887,33,1/14/1992,419-618-6343,LorraineERichards@armyspy.com
Natasha,Harmon,573-95-6348,41,1/5/1984,760-498-5815,NatashaJHarmon@cuvox.de
Kim,Pedrosa,612-38-3471,35,11/23/1989,714-687-2707,KimJPedrosa@dayrep.com
Gloria,Nicoletti,557-81-2580,44,11/4/1980,949-502-2610,GloriaTNicoletti@cuvox.de
Anne,Fisher,282-05-4543,30,12/15/1994,330-627-6575,AnneJFisher@dayrep.com
Lisa,Johnson,552-23-8455,38,5/26/1986,661-330-3635,LisaJJohnson@teleworm.us
Laura,Huffman,555-44-0300,41,8/7/1983,916-610-0708,LauraWHuffman@einrot.com
Melissa,Riffle,620-40-4049,41,12/28/1983,818-902-3540,MelissaJRiffle@einrot.com
Paulette,Tone,298-78-4090,37,5/18/1987,937-849-7436,PauletteTTone@einrot.com
Catherine,Griffin,612-25-0662,43,12/22/1981,949-218-5994,CatherineMGriffin@gustr.com
Elaine,Black,294-76-6107,37,11/3/1987,419-292-1244,ElaineDBlack@teleworm.us
Josefina,Holmes,566-01-7711,34,2/24/1991,805-553-0080,JosefinaEHolmes@teleworm.us
Deborah,Mouton,269-94-9252,38,3/13/1987,937-394-9255,DeborahMMouton@gustr.com
Mary,Bailey,300-70-4066,42,12/6/1982,740-686-1237,MaryLBailey@gustr.com
Judy,Young,618-54-1769,30,11/10/1994,323-207-7803,JudyMYoung@teleworm.us
Connie,Tyler,270-34-6185,34,8/2/1990,330-534-9075,ConnieRTyler@superrito.com
Tiffany,Martin,603-26-3236,38,3/20/1987,559-657-6366,TiffanySMartin@dayrep.com
Sandra,Freeman,562-72-0677,40,2/20/1985,916-225-5803,SandraPFreeman@dayrep.com
Kathleen,Richards,571-29-6558,44,1/20/1981,925-666-5685,KathleenJRichards@cuvox.de
Ursula,Bailey,555-60-4796,35,4/1/1990,661-859-7088,UrsulaFBailey@armyspy.com
Michelle,Muller,294-90-5458,43,7/21/1981,440-447-4836,MichelleDMuller@gustr.com
Dolores,Wallace,280-30-0046,40,6/16/1984,740-440-3272,DoloresSWallace@gustr.com
Shirley,Stewart,626-52-5552,38,11/22/1986,415-420-2915,ShirleyJStewart@superrito.com
Alice,Hernandez,605-78-8137,37,5/21/1987,818-405-4617,AliceMHernandez@superrito.com
Young,Harms,604-08-2158,38,5/7/1986,650-291-8266,YoungMHarms@gustr.com
Courtney,Bernardino,609-41-8156,39,1/24/1986,858-228-4045,CourtneyMBernardino@teleworm.us
Dalene,Wetter,565-51-5985,42,1/1/1983,415-627-9672,DaleneSWetter@gustr.com
Geraldine,Cochran,548-21-0967,37,5/11/1987,858-668-6903,GeraldineRCochran@superrito.com
Veronica,Greenawalt,564-13-8655,34,2/14/1991,408-848-0123,VeronicaRGreenawalt@armyspy.com
Wanda,Miller,270-22-0404,30,9/14/1994,614-610-1324,WandaHMiller@superrito.com
Esther,Banks,549-46-4273,44,12/17/1980,323-796-3501,EstherCBanks@teleworm.us
Elizabeth,Whitworth,617-49-8411,38,7/24/1986,916-417-6213,ElizabethAWhitworth@armyspy.com
Kathleen,Murphy,282-58-5914,41,1/11/1984,740-395-3960,KathleenJMurphy@cuvox.de
Mozell,Rhodes,548-03-6307,31,1/19/1994,909-963-9888,MozellRRhodes@einrot.com
Marion,Baillargeon,617-34-7130,32,10/5/1992,408-701-5678,MarionGBaillargeon@einrot.com
Jeannette,Trapp,296-46-5410,32,9/16/1992,567-278-3936,JeannetteSTrapp@armyspy.com
Carol,Dipaolo,619-60-0390,34,8/16/1990,408-495-9690,CarolEDipaolo@einrot.com
Norma,Dineen,622-23-2766,41,1/10/1984,619-462-3826,NormaJDineen@dayrep.com
Maryellen,Hernandez,547-15-3946,43,12/1/1981,510-884-5224,MaryellenSHernandez@cuvox.de
Frances,Chapman,604-68-8145,38,2/4/1987,650-935-6396,FrancesAChapman@dayrep.com
Julia,Diamond,610-41-1942,35,9/22/1989,530-430-6095,JuliaLDiamond@einrot.com
Jennifer,Beers,607-05-5900,43,4/10/1982,805-659-8855,JenniferJBeers@cuvox.de
Marjorie,Stanley,551-98-0252,34,8/9/1990,408-406-5101,MarjorieRStanley@cuvox.de
Sharon,McKinney,549-73-0546,37,1/13/1988,707-204-7605,SharonMMcKinney@dayrep.com
Tomeka,Hackett,618-10-4804,38,9/11/1986,626-616-4534,TomekaMHackett@superrito.com
Sonja,Germany,555-72-9759,42,12/20/1982,909-728-5186,SonjaJGermany@armyspy.com
Sharon,Edgar,282-70-7149,40,7/24/1984,614-823-2619,SharonMEdgar@teleworm.us
Margaret,Hess,621-55-4728,31,5/27/1993,209-796-1603,MargaretGHess@teleworm.us
Agnes,Belliveau,549-39-2067,33,12/3/1991,530-408-6548,AgnesTBelliveau@dayrep.com
Karol,Jones,614-80-6701,33,7/14/1991,949-307-7034,KarolMJones@gustr.com
Sylvia,Washington,559-10-2787,34,8/2/1990,562-541-3419,SylviaPWashington@superrito.com
Donna,Bowens,604-13-3179,38,8/6/1986,209-293-6018,DonnaJBowens@cuvox.de
Sherry,Kenney,605-60-3641,30,7/26/1994,916-293-4745,SherryCKenney@gustr.com
Doris,Dellinger,293-88-7910,35,11/14/1989,419-783-1246,DorisCDellinger@cuvox.de
Katherine,Alexander,622-56-5414,32,11/22/1992,714-536-5470,KatherineLAlexander@armyspy.com
Gwendolyn,Hoyt,570-77-8373,43,6/3/1981,858-657-0605,GwendolynWHoyt@einrot.com
Phyllis,Martin,613-10-4593,37,8/10/1987,562-986-5072,PhyllisRMartin@superrito.com
Debbie,Brainerd,551-83-9810,37,12/13/1987,760-941-3442,DebbieGBrainerd@cuvox.de
Ellen,Johnson,610-47-7911,42,4/20/1983,714-235-6632,EllenMJohnson@gustr.com
Anita,Hamil,616-22-7081,42,1/26/1983,562-860-4678,AnitaIHamil@superrito.com
Beth,Gay,268-98-8985,44,10/12/1980,513-467-6174,BethGGay@gustr.com
Patricia,McNeal,302-96-4685,32,9/16/1992,740-525-4366,PatriciaAMcNeal@teleworm.us
Mariette,Jones,622-41-4187,42,5/6/1982,818-364-1148,MarietteEJones@armyspy.com
Lois,McEachern,562-68-1500,43,1/17/1982,714-346-2758,LoisLMcEachern@teleworm.us
Mary,Hunter,565-72-9902,42,1/30/1983,805-435-0434,MaryCHunter@teleworm.us
Retha,Turner,553-10-2497,31,7/26/1993,707-837-5603,RethaETurner@gustr.com
Rashida,Allen,560-61-0257,40,10/17/1984,626-919-9680,RashidaRAllen@armyspy.com
Cindy,Lachance,275-26-2041,43,3/3/1982,234-248-7407,CindyMLachance@gustr.com
Diana,Ward,559-56-6227,33,12/29/1991,626-417-6076,DianaJWard@einrot.com
Grace,Taylor,604-14-0677,43,9/9/1981,415-493-2983,GraceMTaylor@gustr.com
Carol,Johnson,550-39-9136,44,5/19/1980,661-665-5896,CarolBJohnson@einrot.com
Sherri,Jones,553-90-5777,36,9/3/1988,650-847-9177,SherriTJones@superrito.com
Bertha,Manus,268-62-1044,43,1/4/1982,513-546-8331,BerthaCManus@armyspy.com
Marlene,McMartin,551-75-9482,41,7/14/1983,661-321-1097,MarleneVMcMartin@dayrep.com
Jamie,Smith,287-24-0540,39,7/2/1985,937-425-0524,JamieZSmith@teleworm.us
Nora,Banister,550-96-2004,39,8/13/1985,925-524-0434,NoraHBanister@teleworm.us
Karen,Anaya,554-23-6317,41,1/16/1984,626-320-3692,KarenKAnaya@armyspy.com
Chris,Harris,614-12-4824,41,6/2/1983,562-732-1619,ChrisWHarris@gustr.com
Mary,Solar,566-71-3768,37,4/21/1988,209-614-1817,MaryRSolar@dayrep.com
Patricia,Brinkley,295-05-3669,40,1/31/1985,937-642-1566,PatriciaJBrinkley@einrot.com
Lynette,Hanson,289-09-7586,43,4/29/1982,440-320-3380,LynetteTHanson@cuvox.de
